id;entry_date;subject;content;from_string;to_string;cc_string;message;date_started;date_ended;info
1;2022-08-07T09:33:42;Valleys Handcrafted;turquoise Product application;matrix UAE Dirham Directives;sky blue Dynamic;Towels program Checking Account;Intranet migration;2022-08-08T03:22:07;2022-08-07T17:28:19;../fake-data/blob/hipster.txt
2;2022-08-08T03:44:34;efficient Networked quantify;Sausages;leading-edge Mauritania;end-to-end;Security USB Gorgeous;Chief Forward;2022-08-07T15:04:52;2022-08-07T10:33:59;../fake-data/blob/hipster.txt
3;2022-08-07T19:23:10;budgetary management quantify;Engineer;exploit;Strategist Unbranded communities;Assimilated;Creative;2022-08-08T03:09:52;2022-08-08T06:29:08;../fake-data/blob/hipster.txt
4;2022-08-07T08:23:52;feed;backing up;structure North Carolina Buckinghamshire;uniform Somali Shilling Incredible Metal Cheese;relationships Berkshire;payment Computer Checking Account;2022-08-08T02:10:34;2022-08-07T20:47:46;../fake-data/blob/hipster.txt
5;2022-08-07T10:52:56;optical port;Springs Investment Account;turn-key primary;interface Practical Metal Cheese deposit;Customer USB circuit;compressing Diverse;2022-08-07T09:35:34;2022-08-07T16:21:09;../fake-data/blob/hipster.txt
6;2022-08-07T11:57:54;Kids;orchid Functionality circuit;enhance;SAS application;Wyoming connecting monitor;Spur PNG;2022-08-07T15:21:23;2022-08-07T08:18:20;../fake-data/blob/hipster.txt
7;2022-08-08T02:38:37;innovative;initiatives;turn-key primary;navigate Organized Books;Handcrafted Granite Computer;reboot Garden withdrawal;2022-08-08T06:32:38;2022-08-08T06:37:33;../fake-data/blob/hipster.txt
8;2022-08-07T19:08:21;Corporate TCP;Morocco Coordinator navigate;primary impactful;Bolivar Fuerte AGP Developer;project deposit;Manager Kentucky;2022-08-07T10:05:25;2022-08-07T20:31:18;../fake-data/blob/hipster.txt
9;2022-08-08T01:46:08;Orchestrator;Manors proactive;synthesizing Checking Account Home Loan Account;Cameroon Optimization back-end;Realigned deposit;Shirt;2022-08-07T16:56:36;2022-08-08T04:48:00;../fake-data/blob/hipster.txt
10;2022-08-08T05:01:18;lavender payment Manors;Identity;Money Market Account Hollow e-enable;Beauty;EXE;EXE blue;2022-08-07T18:11:18;2022-08-07T08:04:02;../fake-data/blob/hipster.txt
