id;text;resume_date;file_attachment;file_attachment_content_type;attachment_url;mime_type
1;fuchsia;2022-08-07;../fake-data/blob/hipster.png;image/png;infomediaries;installation connect
2;pixel Computer e-enable;2022-08-07;../fake-data/blob/hipster.png;image/png;Cambridgeshire deposit;Moldovan Leu copy
3;Incredible Frozen Fish open-source wireless;2022-08-07;../fake-data/blob/hipster.png;image/png;Avon markets quantify;North Carolina solid state
4;hard drive;2022-08-08;../fake-data/blob/hipster.png;image/png;zero administration;client-driven
5;New Mexico;2022-08-07;../fake-data/blob/hipster.png;image/png;Operations Shoes purple;Product teal
6;AGP Village;2022-08-07;../fake-data/blob/hipster.png;image/png;card Awesome Wooden Keyboard;connecting
7;sensor indexing virtual;2022-08-08;../fake-data/blob/hipster.png;image/png;Beauty compressing parsing;paradigms Incredible
8;Delaware;2022-08-07;../fake-data/blob/hipster.png;image/png;function Berkshire connecting;Beauty payment
9;grow Profound;2022-08-07;../fake-data/blob/hipster.png;image/png;Executive Expanded Steel;Product Sports Gorgeous Concrete Computer
10;portal Supervisor;2022-08-07;../fake-data/blob/hipster.png;image/png;Analyst;Money Market Account Games quantifying
