id;effective_date;payment_date;payment_ref_number;amount;payment_status;mihpay_id;email;phone;product_info;txn_id;actual_amount
1;2022-08-07T23:36:29;2022-08-08T03:59:05;Guernsey applications;17071;Gabon Polarised Rustic;Wooden;Gideon_Hartmann51@yahoo.com;270-343-4737 x11799;Automotive PNG;Avon;31263
2;2022-08-07T16:15:48;2022-08-08T05:11:06;Keyboard;12604;syndicate;payment;Ashley.Lang@hotmail.com;1-261-773-2471 x02752;target throughput;Nigeria compressing leading edge;89274
3;2022-08-08T03:43:10;2022-08-08T07:38:55;back-end task-force;90381;United States Minor Outlying Islands Designer indigo;override AI Aruban Guilder;Maymie_Mueller@hotmail.com;401.582.4538;Reunion;Assistant Azerbaijan Netherlands;74324
4;2022-08-07T12:21:09;2022-08-07T19:56:53;Islands Illinois;2587;Technician Pizza;Kids West Virginia;Maritza_Goyette5@hotmail.com;1-778-793-4526 x14457;24 hour;mobile Intelligent Rubber Chair wireless;10573
5;2022-08-08T02:59:47;2022-08-07T20:48:14;payment synthesize Malaysian Ringgit;31429;Intelligent Frozen Shirt deposit;incubate;Louisa.Zieme87@hotmail.com;1-727-524-3871 x803;program;International neural-net South Dakota;13566
6;2022-08-08T05:46:00;2022-08-07T16:10:34;Wooden;59282;stable Implemented payment;pink Engineer;Crystal_Pollich51@hotmail.com;1-059-620-1740 x229;orchid Pizza;Credit Card Account Borders Division;52151
7;2022-08-07T16:31:48;2022-08-07T11:51:09;impactful;46109;end-to-end;bandwidth microchip;Darby_Collins97@gmail.com;1-125-262-2175 x84848;transmitting indexing card;application Open-source Tactics;39280
8;2022-08-08T02:16:54;2022-08-07T21:14:30;silver frame data-warehouse;50169;invoice Home;best-of-breed;Abel50@yahoo.com;038-364-9656 x391;Islands enhance Clothing;Supervisor invoice;99591
9;2022-08-07T18:59:15;2022-08-07T13:09:53;Licensed Skyway Lead;72028;invoice;analyzing;Mervin_Miller@yahoo.com;099-141-2829;Ergonomic Plastic Chips Metrics COM;Kids generating;2149
10;2022-08-07T19:06:51;2022-08-08T01:49:07;Movies;58534;Auto Loan Account Gloves;client-driven Home Loan Account Centers;Rosalinda88@gmail.com;507-008-9894 x7823;solid state Internal Concrete;grow;70910
